commodity,model,horizon_day,date,forecast,lower,upper,is_best_model
Onion,SARIMA,1,2026-07-26,88.729,85.63,91.828,False
Onion,SARIMA,2,2026-07-27,88.818,84.436,93.2,False
Onion,SARIMA,3,2026-07-28,89.031,83.664,94.399,False
Onion,SARIMA,4,2026-07-29,89.256,83.059,95.454,False
Onion,SARIMA,5,2026-07-30,89.272,82.343,96.201,False
Onion,SARIMA,6,2026-07-31,89.331,81.741,96.922,False
Onion,SARIMA,7,2026-08-01,89.49,81.292,97.689,False
Onion,SARIMA,8,2026-08-02,89.615,80.851,98.38,False
Onion,SARIMA,9,2026-08-03,89.759,80.463,99.055,False
Onion,SARIMA,10,2026-08-04,89.841,80.042,99.64,False
Onion,SARIMA,11,2026-08-05,90.045,79.767,100.322,False
Onion,SARIMA,12,2026-08-06,90.24,79.505,100.974,False
Onion,SARIMA,13,2026-08-07,90.381,79.208,101.554,False
Onion,SARIMA,14,2026-08-08,90.597,79.003,102.191,False
Onion,SARIMA,15,2026-08-09,90.763,78.762,102.765,False
Onion,SARIMA,16,2026-08-10,90.831,78.436,103.226,False
Onion,SARIMA,17,2026-08-11,90.987,78.21,103.763,False
Onion,SARIMA,18,2026-08-12,91.043,77.896,104.19,False
Onion,SARIMA,19,2026-08-13,91.232,77.725,104.739,False
Onion,SARIMA,20,2026-08-14,91.351,77.493,105.209,False
Onion,SARIMA,21,2026-08-15,91.458,77.258,105.658,False
Onion,SARIMA,22,2026-08-16,91.527,76.993,106.062,False
Onion,SARIMA,23,2026-08-17,91.734,76.873,106.595,False
Onion,SARIMA,24,2026-08-18,91.838,76.658,107.019,False
Onion,SARIMA,25,2026-08-19,91.921,76.427,107.414,False
Onion,SARIMA,26,2026-08-20,92.007,76.206,107.807,False
Onion,SARIMA,27,2026-08-21,92.157,76.055,108.258,False
Onion,SARIMA,28,2026-08-22,92.293,75.896,108.69,False
Onion,SARIMA,29,2026-08-23,92.431,75.743,109.118,False
Onion,SARIMA,30,2026-08-24,92.569,75.596,109.541,False
Onion,SARIMA,31,2026-08-25,92.832,75.579,110.085,False
Onion,SARIMA,32,2026-08-26,92.905,75.376,110.434,False
Onion,SARIMA,33,2026-08-27,92.969,75.168,110.769,False
Onion,SARIMA,34,2026-08-28,93.008,74.94,111.077,False
Onion,SARIMA,35,2026-08-29,93.153,74.821,111.485,False
Onion,SARIMA,36,2026-08-30,93.335,74.742,111.927,False
Onion,SARIMA,37,2026-08-31,93.423,74.574,112.271,False
Onion,SARIMA,38,2026-09-01,93.455,74.353,112.557,False
Onion,SARIMA,39,2026-09-02,93.487,74.135,112.839,False
Onion,SARIMA,40,2026-09-03,93.628,74.03,113.226,False
Onion,SARIMA,41,2026-09-04,93.775,73.933,113.617,False
Onion,SARIMA,42,2026-09-05,93.906,73.824,113.988,False
Onion,SARIMA,43,2026-09-06,93.945,73.625,114.265,False
Onion,SARIMA,44,2026-09-07,94.05,73.496,114.605,False
Onion,SARIMA,45,2026-09-08,94.146,73.359,114.933,False
Onion,SARIMA,46,2026-09-09,94.248,73.231,115.265,False
Onion,SARIMA,47,2026-09-10,94.398,73.154,115.642,False
Onion,SARIMA,48,2026-09-11,94.499,73.03,115.967,False
Onion,SARIMA,49,2026-09-12,94.633,72.941,116.324,False
Onion,SARIMA,50,2026-09-13,94.72,72.808,116.631,False
Onion,SARIMA,51,2026-09-14,94.822,72.693,116.952,False
Onion,SARIMA,52,2026-09-15,94.95,72.604,117.295,False
Onion,SARIMA,53,2026-09-16,94.918,72.359,117.478,False
Onion,SARIMA,54,2026-09-17,94.972,72.201,117.743,False
Onion,SARIMA,55,2026-09-18,95.014,72.033,117.995,False
Onion,SARIMA,56,2026-09-19,95.042,71.853,118.23,False
Onion,SARIMA,57,2026-09-20,95.096,71.701,118.491,False
Onion,SARIMA,58,2026-09-21,95.284,71.685,118.883,False
Onion,SARIMA,59,2026-09-22,95.292,71.49,119.094,False
Onion,SARIMA,60,2026-09-23,95.439,71.436,119.442,False
Onion,XGBoost,1,2026-07-26,88.738,85.639,91.837,True
Onion,XGBoost,2,2026-07-27,88.985,84.603,93.367,True
Onion,XGBoost,3,2026-07-28,89.072,83.705,94.44,True
Onion,XGBoost,4,2026-07-29,89.117,82.919,95.314,True
Onion,XGBoost,5,2026-07-30,89.022,82.093,95.951,True
Onion,XGBoost,6,2026-07-31,89.296,81.706,96.887,True
Onion,XGBoost,7,2026-08-01,89.448,81.25,97.647,True
Onion,XGBoost,8,2026-08-02,89.622,80.857,98.386,True
Onion,XGBoost,9,2026-08-03,89.668,80.372,98.964,True
Onion,XGBoost,10,2026-08-04,89.966,80.167,99.765,True
Onion,XGBoost,11,2026-08-05,90.226,79.948,100.503,True
Onion,XGBoost,12,2026-08-06,90.349,79.615,101.083,True
Onion,XGBoost,13,2026-08-07,90.415,79.243,101.588,True
Onion,XGBoost,14,2026-08-08,90.504,78.91,102.099,True
Onion,XGBoost,15,2026-08-09,90.535,78.534,102.537,True
Onion,XGBoost,16,2026-08-10,90.669,78.274,103.064,True
Onion,XGBoost,17,2026-08-11,90.718,77.942,103.495,True
Onion,XGBoost,18,2026-08-12,90.919,77.772,104.066,True
Onion,XGBoost,19,2026-08-13,90.998,77.491,104.505,True
Onion,XGBoost,20,2026-08-14,91.075,77.217,104.933,True
Onion,XGBoost,21,2026-08-15,91.392,77.192,105.592,True
Onion,XGBoost,22,2026-08-16,91.418,76.884,105.952,True
Onion,XGBoost,23,2026-08-17,91.334,76.473,106.195,True
Onion,XGBoost,24,2026-08-18,91.496,76.315,106.676,True
Onion,XGBoost,25,2026-08-19,91.342,75.848,106.835,True
Onion,XGBoost,26,2026-08-20,91.487,75.687,107.288,True
Onion,XGBoost,27,2026-08-21,91.724,75.622,107.825,True
Onion,XGBoost,28,2026-08-22,91.841,75.444,108.238,True
Onion,XGBoost,29,2026-08-23,91.95,75.262,108.637,True
Onion,XGBoost,30,2026-08-24,91.789,74.817,108.762,True
Onion,XGBoost,31,2026-08-25,91.965,74.712,109.218,True
Onion,XGBoost,32,2026-08-26,92.119,74.59,109.648,True
Onion,XGBoost,33,2026-08-27,92.067,74.266,109.868,True
Onion,XGBoost,34,2026-08-28,92.415,74.347,110.484,True
Onion,XGBoost,35,2026-08-29,92.354,74.022,110.687,True
Onion,XGBoost,36,2026-08-30,92.232,73.64,110.824,True
Onion,XGBoost,37,2026-08-31,92.091,73.242,110.94,True
Onion,XGBoost,38,2026-09-01,92.188,73.086,111.29,True
Onion,XGBoost,39,2026-09-02,92.325,72.973,111.676,True
Onion,XGBoost,40,2026-09-03,92.474,72.875,112.072,True
Onion,XGBoost,41,2026-09-04,92.519,72.678,112.361,True
Onion,XGBoost,42,2026-09-05,92.502,72.42,112.584,True
Onion,XGBoost,43,2026-09-06,92.7,72.38,113.02,True
Onion,XGBoost,44,2026-09-07,92.669,72.114,113.224,True
Onion,XGBoost,45,2026-09-08,92.595,71.808,113.382,True
Onion,XGBoost,46,2026-09-09,92.864,71.847,113.881,True
Onion,XGBoost,47,2026-09-10,92.971,71.727,114.215,True
Onion,XGBoost,48,2026-09-11,93.115,71.647,114.584,True
Onion,XGBoost,49,2026-09-12,93.28,71.588,114.971,True
Onion,XGBoost,50,2026-09-13,93.285,71.373,115.196,True
Onion,XGBoost,51,2026-09-14,93.294,71.164,115.423,True
Onion,XGBoost,52,2026-09-15,93.457,71.112,115.802,True
Onion,XGBoost,53,2026-09-16,93.453,70.894,116.012,True
Onion,XGBoost,54,2026-09-17,93.574,70.803,116.345,True
Onion,XGBoost,55,2026-09-18,93.639,70.658,116.619,True
Onion,XGBoost,56,2026-09-19,93.555,70.366,116.744,True
Onion,XGBoost,57,2026-09-20,93.758,70.363,117.153,True
Onion,XGBoost,58,2026-09-21,93.66,70.06,117.259,True
Onion,XGBoost,59,2026-09-22,93.763,69.961,117.565,True
Onion,XGBoost,60,2026-09-23,93.844,69.841,117.847,True
Onion,LSTM,1,2026-07-26,88.964,85.865,92.063,False
Onion,LSTM,2,2026-07-27,89.145,84.763,93.528,False
Onion,LSTM,3,2026-07-28,89.364,83.997,94.731,False
Onion,LSTM,4,2026-07-29,89.725,83.528,95.923,False
Onion,LSTM,5,2026-07-30,90.028,83.099,96.957,False
Onion,LSTM,6,2026-07-31,90.286,82.696,97.876,False
Onion,LSTM,7,2026-08-01,90.369,82.171,98.568,False
Onion,LSTM,8,2026-08-02,90.336,81.571,99.1,False
Onion,LSTM,9,2026-08-03,90.55,81.253,99.846,False
Onion,LSTM,10,2026-08-04,90.602,80.802,100.401,False
Onion,LSTM,11,2026-08-05,90.893,80.615,101.17,False
Onion,LSTM,12,2026-08-06,91.071,80.336,101.805,False
Onion,LSTM,13,2026-08-07,91.074,79.901,102.246,False
Onion,LSTM,14,2026-08-08,91.257,79.663,102.852,False
Onion,LSTM,15,2026-08-09,91.52,79.518,103.521,False
Onion,LSTM,16,2026-08-10,91.683,79.288,104.078,False
Onion,LSTM,17,2026-08-11,91.671,78.894,104.447,False
Onion,LSTM,18,2026-08-12,91.846,78.699,104.993,False
Onion,LSTM,19,2026-08-13,92.037,78.529,105.544,False
Onion,LSTM,20,2026-08-14,92.311,78.453,106.169,False
Onion,LSTM,21,2026-08-15,92.565,78.365,106.766,False
Onion,LSTM,22,2026-08-16,92.519,77.985,107.054,False
Onion,LSTM,23,2026-08-17,92.546,77.685,107.407,False
Onion,LSTM,24,2026-08-18,92.774,77.594,107.955,False
Onion,LSTM,25,2026-08-19,92.577,77.083,108.071,False
Onion,LSTM,26,2026-08-20,92.833,77.033,108.634,False
Onion,LSTM,27,2026-08-21,92.79,76.688,108.891,False
Onion,LSTM,28,2026-08-22,92.822,76.425,109.219,False
Onion,LSTM,29,2026-08-23,93.197,76.509,109.884,False
Onion,LSTM,30,2026-08-24,93.292,76.319,110.264,False
Onion,LSTM,31,2026-08-25,93.341,76.088,110.594,False
Onion,LSTM,32,2026-08-26,93.497,75.968,111.026,False
Onion,LSTM,33,2026-08-27,93.582,75.781,111.383,False
Onion,LSTM,34,2026-08-28,93.566,75.498,111.635,False
Onion,LSTM,35,2026-08-29,93.712,75.38,112.045,False
Onion,LSTM,36,2026-08-30,94.209,75.616,112.801,False
Onion,LSTM,37,2026-08-31,94.477,75.628,113.326,False
Onion,LSTM,38,2026-09-01,94.655,75.553,113.757,False
Onion,LSTM,39,2026-09-02,94.798,75.447,114.15,False
Onion,LSTM,40,2026-09-03,95.041,75.443,114.639,False
Onion,LSTM,41,2026-09-04,95.251,75.409,115.092,False
Onion,LSTM,42,2026-09-05,95.182,75.099,115.264,False
Onion,LSTM,43,2026-09-06,95.367,75.047,115.687,False
Onion,LSTM,44,2026-09-07,95.466,74.911,116.021,False
Onion,LSTM,45,2026-09-08,95.876,75.089,116.663,False
Onion,LSTM,46,2026-09-09,95.924,74.907,116.941,False
Onion,LSTM,47,2026-09-10,96.246,75.002,117.49,False
Onion,LSTM,48,2026-09-11,96.113,74.645,117.582,False
Onion,LSTM,49,2026-09-12,96.257,74.565,117.948,False
Onion,LSTM,50,2026-09-13,96.205,74.294,118.117,False
Onion,LSTM,51,2026-09-14,96.122,73.992,118.251,False
Onion,LSTM,52,2026-09-15,96.351,74.006,118.696,False
Onion,LSTM,53,2026-09-16,96.245,73.686,118.804,False
Onion,LSTM,54,2026-09-17,96.298,73.527,119.069,False
Onion,LSTM,55,2026-09-18,96.243,73.262,119.224,False
Onion,LSTM,56,2026-09-19,96.396,73.207,119.585,False
Onion,LSTM,57,2026-09-20,96.525,73.13,119.92,False
Onion,LSTM,58,2026-09-21,96.189,72.59,119.789,False
Onion,LSTM,59,2026-09-22,96.397,72.595,120.199,False
Onion,LSTM,60,2026-09-23,96.355,72.352,120.358,False
Potato,SARIMA,1,2026-07-26,43.356,42.164,44.547,True
Potato,SARIMA,2,2026-07-27,43.506,41.821,45.191,True
Potato,SARIMA,3,2026-07-28,43.615,41.551,45.679,True
Potato,SARIMA,4,2026-07-29,43.661,41.278,46.044,True
Potato,SARIMA,5,2026-07-30,43.763,41.099,46.427,True
Potato,SARIMA,6,2026-07-31,43.863,40.944,46.781,True
Potato,SARIMA,7,2026-08-01,43.937,40.785,47.089,True
Potato,SARIMA,8,2026-08-02,43.972,40.602,47.342,True
Potato,SARIMA,9,2026-08-03,44.061,40.487,47.636,True
Potato,SARIMA,10,2026-08-04,44.084,40.316,47.852,True
Potato,SARIMA,11,2026-08-05,44.167,40.215,48.118,True
Potato,SARIMA,12,2026-08-06,44.254,40.126,48.381,True
Potato,SARIMA,13,2026-08-07,44.426,40.13,48.722,True
Potato,SARIMA,14,2026-08-08,44.55,40.092,49.008,True
Potato,SARIMA,15,2026-08-09,44.666,40.051,49.28,True
Potato,SARIMA,16,2026-08-10,44.766,40.0,49.532,True
Potato,SARIMA,17,2026-08-11,44.839,39.927,49.752,True
Potato,SARIMA,18,2026-08-12,44.909,39.854,49.964,True
Potato,SARIMA,19,2026-08-13,44.968,39.775,50.162,True
Potato,SARIMA,20,2026-08-14,45.075,39.747,50.404,True
Potato,SARIMA,21,2026-08-15,45.202,39.742,50.662,True
Potato,SARIMA,22,2026-08-16,45.266,39.678,50.855,True
Potato,SARIMA,23,2026-08-17,45.338,39.623,51.052,True
Potato,SARIMA,24,2026-08-18,45.437,39.6,51.274,True
Potato,SARIMA,25,2026-08-19,45.562,39.605,51.52,True
Potato,SARIMA,26,2026-08-20,45.689,39.614,51.764,True
Potato,SARIMA,27,2026-08-21,45.839,39.648,52.03,True
Potato,SARIMA,28,2026-08-22,45.935,39.63,52.24,True
Potato,SARIMA,29,2026-08-23,46.032,39.616,52.448,True
Potato,SARIMA,30,2026-08-24,46.146,39.62,52.672,True
Potato,SARIMA,31,2026-08-25,46.186,39.552,52.82,True
Potato,SARIMA,32,2026-08-26,46.282,39.542,53.022,True
Potato,SARIMA,33,2026-08-27,46.352,39.508,53.197,True
Potato,SARIMA,34,2026-08-28,46.45,39.503,53.397,True
Potato,SARIMA,35,2026-08-29,46.512,39.463,53.56,True
Potato,SARIMA,36,2026-08-30,46.576,39.427,53.725,True
Potato,SARIMA,37,2026-08-31,46.615,39.368,53.863,True
Potato,SARIMA,38,2026-09-01,46.721,39.376,54.065,True
Potato,SARIMA,39,2026-09-02,46.807,39.366,54.248,True
Potato,SARIMA,40,2026-09-03,46.892,39.356,54.427,True
Potato,SARIMA,41,2026-09-04,46.921,39.291,54.55,True
Potato,SARIMA,42,2026-09-05,46.978,39.256,54.7,True
Potato,SARIMA,43,2026-09-06,47.081,39.268,54.894,True
Potato,SARIMA,44,2026-09-07,47.197,39.294,55.1,True
Potato,SARIMA,45,2026-09-08,47.286,39.293,55.279,True
Potato,SARIMA,46,2026-09-09,47.324,39.243,55.405,True
Potato,SARIMA,47,2026-09-10,47.41,39.241,55.578,True
Potato,SARIMA,48,2026-09-11,47.502,39.247,55.757,True
Potato,SARIMA,49,2026-09-12,47.535,39.194,55.875,True
Potato,SARIMA,50,2026-09-13,47.583,39.158,56.008,True
Potato,SARIMA,51,2026-09-14,47.655,39.146,56.163,True
Potato,SARIMA,52,2026-09-15,47.75,39.159,56.342,True
Potato,SARIMA,53,2026-09-16,47.805,39.131,56.479,True
Potato,SARIMA,54,2026-09-17,47.796,39.041,56.552,True
Potato,SARIMA,55,2026-09-18,47.834,38.998,56.67,True
Potato,SARIMA,56,2026-09-19,47.916,39.0,56.832,True
Potato,SARIMA,57,2026-09-20,47.955,38.959,56.95,True
Potato,SARIMA,58,2026-09-21,47.984,38.91,57.058,True
Potato,SARIMA,59,2026-09-22,48.004,38.852,57.156,True
Potato,SARIMA,60,2026-09-23,48.032,38.803,57.261,True
Potato,XGBoost,1,2026-07-26,43.366,42.174,44.557,False
Potato,XGBoost,2,2026-07-27,43.439,41.754,45.124,False
Potato,XGBoost,3,2026-07-28,43.58,41.516,45.644,False
Potato,XGBoost,4,2026-07-29,43.594,41.211,45.977,False
Potato,XGBoost,5,2026-07-30,43.794,41.13,46.458,False
Potato,XGBoost,6,2026-07-31,43.878,40.96,46.797,False
Potato,XGBoost,7,2026-08-01,44.006,40.853,47.158,False
Potato,XGBoost,8,2026-08-02,44.147,40.777,47.517,False
Potato,XGBoost,9,2026-08-03,44.254,40.68,47.828,False
Potato,XGBoost,10,2026-08-04,44.356,40.588,48.124,False
Potato,XGBoost,11,2026-08-05,44.362,40.41,48.314,False
Potato,XGBoost,12,2026-08-06,44.438,40.311,48.566,False
Potato,XGBoost,13,2026-08-07,44.491,40.195,48.787,False
Potato,XGBoost,14,2026-08-08,44.576,40.118,49.034,False
Potato,XGBoost,15,2026-08-09,44.491,39.877,49.106,False
Potato,XGBoost,16,2026-08-10,44.476,39.71,49.242,False
Potato,XGBoost,17,2026-08-11,44.538,39.626,49.451,False
Potato,XGBoost,18,2026-08-12,44.634,39.579,49.689,False
Potato,XGBoost,19,2026-08-13,44.7,39.506,49.893,False
Potato,XGBoost,20,2026-08-14,44.708,39.379,50.036,False
Potato,XGBoost,21,2026-08-15,44.746,39.286,50.206,False
Potato,XGBoost,22,2026-08-16,44.794,39.205,50.382,False
Potato,XGBoost,23,2026-08-17,44.673,38.959,50.388,False
Potato,XGBoost,24,2026-08-18,44.696,38.859,50.533,False
Potato,XGBoost,25,2026-08-19,44.718,38.761,50.676,False
Potato,XGBoost,26,2026-08-20,44.745,38.67,50.821,False
Potato,XGBoost,27,2026-08-21,44.834,38.643,51.025,False
Potato,XGBoost,28,2026-08-22,44.83,38.525,51.134,False
Potato,XGBoost,29,2026-08-23,44.925,38.509,51.341,False
Potato,XGBoost,30,2026-08-24,45.011,38.485,51.537,False
Potato,XGBoost,31,2026-08-25,45.104,38.47,51.738,False
Potato,XGBoost,32,2026-08-26,45.184,38.444,51.924,False
Potato,XGBoost,33,2026-08-27,45.314,38.47,52.159,False
Potato,XGBoost,34,2026-08-28,45.506,38.558,52.453,False
Potato,XGBoost,35,2026-08-29,45.554,38.505,52.603,False
Potato,XGBoost,36,2026-08-30,45.562,38.413,52.711,False
Potato,XGBoost,37,2026-08-31,45.642,38.395,52.89,False
Potato,XGBoost,38,2026-09-01,45.836,38.491,53.181,False
Potato,XGBoost,39,2026-09-02,45.897,38.456,53.337,False
Potato,XGBoost,40,2026-09-03,45.939,38.404,53.475,False
Potato,XGBoost,41,2026-09-04,45.954,38.325,53.583,False
Potato,XGBoost,42,2026-09-05,45.939,38.218,53.661,False
Potato,XGBoost,43,2026-09-06,45.922,38.109,53.735,False
Potato,XGBoost,44,2026-09-07,46.163,38.259,54.066,False
Potato,XGBoost,45,2026-09-08,46.169,38.177,54.162,False
Potato,XGBoost,46,2026-09-09,46.144,38.063,54.225,False
Potato,XGBoost,47,2026-09-10,46.179,38.01,54.347,False
Potato,XGBoost,48,2026-09-11,46.278,38.023,54.532,False
Potato,XGBoost,49,2026-09-12,46.256,37.916,54.597,False
Potato,XGBoost,50,2026-09-13,46.257,37.832,54.682,False
Potato,XGBoost,51,2026-09-14,46.301,37.792,54.81,False
Potato,XGBoost,52,2026-09-15,46.403,37.811,54.995,False
Potato,XGBoost,53,2026-09-16,46.368,37.694,55.042,False
Potato,XGBoost,54,2026-09-17,46.427,37.672,55.183,False
Potato,XGBoost,55,2026-09-18,46.592,37.756,55.429,False
Potato,XGBoost,56,2026-09-19,46.574,37.657,55.49,False
Potato,XGBoost,57,2026-09-20,46.54,37.545,55.535,False
Potato,XGBoost,58,2026-09-21,46.606,37.532,55.68,False
Potato,XGBoost,59,2026-09-22,46.697,37.545,55.849,False
Potato,XGBoost,60,2026-09-23,46.715,37.486,55.944,False
Potato,LSTM,1,2026-07-26,43.286,42.095,44.478,False
Potato,LSTM,2,2026-07-27,43.334,41.649,45.019,False
Potato,LSTM,3,2026-07-28,43.441,41.378,45.505,False
Potato,LSTM,4,2026-07-29,43.65,41.267,46.033,False
Potato,LSTM,5,2026-07-30,43.719,41.055,46.383,False
Potato,LSTM,6,2026-07-31,43.718,40.8,46.637,False
Potato,LSTM,7,2026-08-01,43.742,40.59,46.895,False
Potato,LSTM,8,2026-08-02,43.992,40.622,47.362,False
Potato,LSTM,9,2026-08-03,44.052,40.478,47.627,False
Potato,LSTM,10,2026-08-04,44.038,40.27,47.806,False
Potato,LSTM,11,2026-08-05,44.1,40.148,48.051,False
Potato,LSTM,12,2026-08-06,44.213,40.086,48.341,False
Potato,LSTM,13,2026-08-07,44.325,40.029,48.621,False
Potato,LSTM,14,2026-08-08,44.576,40.118,49.034,False
Potato,LSTM,15,2026-08-09,44.642,40.028,49.257,False
Potato,LSTM,16,2026-08-10,44.587,39.821,49.353,False
Potato,LSTM,17,2026-08-11,44.803,39.89,49.715,False
Potato,LSTM,18,2026-08-12,44.909,39.854,49.964,False
Potato,LSTM,19,2026-08-13,45.014,39.821,50.208,False
Potato,LSTM,20,2026-08-14,45.031,39.702,50.359,False
Potato,LSTM,21,2026-08-15,45.014,39.554,50.474,False
Potato,LSTM,22,2026-08-16,45.232,39.643,50.82,False
Potato,LSTM,23,2026-08-17,45.169,39.455,50.883,False
Potato,LSTM,24,2026-08-18,45.185,39.348,51.023,False
Potato,LSTM,25,2026-08-19,45.153,39.196,51.11,False
Potato,LSTM,26,2026-08-20,45.355,39.28,51.43,False
Potato,LSTM,27,2026-08-21,45.454,39.263,51.645,False
Potato,LSTM,28,2026-08-22,45.458,39.153,51.763,False
Potato,LSTM,29,2026-08-23,45.591,39.174,52.007,False
Potato,LSTM,30,2026-08-24,45.835,39.309,52.361,False
Potato,LSTM,31,2026-08-25,45.813,39.179,52.447,False
Potato,LSTM,32,2026-08-26,45.796,39.056,52.536,False
Potato,LSTM,33,2026-08-27,45.896,39.052,52.741,False
Potato,LSTM,34,2026-08-28,45.981,39.034,52.929,False
Potato,LSTM,35,2026-08-29,45.939,38.89,52.988,False
Potato,LSTM,36,2026-08-30,45.941,38.792,53.09,False
Potato,LSTM,37,2026-08-31,45.999,38.751,53.246,False
Potato,LSTM,38,2026-09-01,46.138,38.793,53.483,False
Potato,LSTM,39,2026-09-02,46.058,38.618,53.499,False
Potato,LSTM,40,2026-09-03,46.178,38.643,53.714,False
Potato,LSTM,41,2026-09-04,46.282,38.653,53.911,False
Potato,LSTM,42,2026-09-05,46.529,38.807,54.251,False
Potato,LSTM,43,2026-09-06,46.361,38.548,54.174,False
Potato,LSTM,44,2026-09-07,46.383,38.48,54.287,False
Potato,LSTM,45,2026-09-08,46.4,38.407,54.392,False
Potato,LSTM,46,2026-09-09,46.596,38.515,54.677,False
Potato,LSTM,47,2026-09-10,46.537,38.369,54.706,False
Potato,LSTM,48,2026-09-11,46.537,38.282,54.791,False
Potato,LSTM,49,2026-09-12,46.612,38.271,54.952,False
Potato,LSTM,50,2026-09-13,46.72,38.295,55.145,False
Potato,LSTM,51,2026-09-14,46.817,38.308,55.326,False
Potato,LSTM,52,2026-09-15,46.743,38.151,55.335,False
Potato,LSTM,53,2026-09-16,46.978,38.304,55.653,False
Potato,LSTM,54,2026-09-17,46.96,38.204,55.715,False
Potato,LSTM,55,2026-09-18,47.05,38.213,55.886,False
Potato,LSTM,56,2026-09-19,47.189,38.273,56.105,False
Potato,LSTM,57,2026-09-20,47.201,38.205,56.196,False
Potato,LSTM,58,2026-09-21,47.298,38.224,56.372,False
Potato,LSTM,59,2026-09-22,47.196,38.044,56.348,False
Potato,LSTM,60,2026-09-23,47.228,37.999,56.457,False
Soybean_Oil,SARIMA,1,2026-07-26,207.555,202.997,212.113,False
Soybean_Oil,SARIMA,2,2026-07-27,207.771,201.326,214.217,False
Soybean_Oil,SARIMA,3,2026-07-28,208.229,200.335,216.124,False
Soybean_Oil,SARIMA,4,2026-07-29,208.534,199.418,217.65,False
Soybean_Oil,SARIMA,5,2026-07-30,208.752,198.56,218.944,False
Soybean_Oil,SARIMA,6,2026-07-31,209.154,197.989,220.318,False
Soybean_Oil,SARIMA,7,2026-08-01,209.427,197.368,221.486,False
Soybean_Oil,SARIMA,8,2026-08-02,209.923,197.032,222.815,False
Soybean_Oil,SARIMA,9,2026-08-03,209.847,196.173,223.521,False
Soybean_Oil,SARIMA,10,2026-08-04,210.013,195.6,224.426,False
Soybean_Oil,SARIMA,11,2026-08-05,210.247,195.13,225.363,False
Soybean_Oil,SARIMA,12,2026-08-06,210.274,194.485,226.063,False
Soybean_Oil,SARIMA,13,2026-08-07,210.416,193.982,226.849,False
Soybean_Oil,SARIMA,14,2026-08-08,210.375,193.321,227.429,False
Soybean_Oil,SARIMA,15,2026-08-09,210.282,192.63,227.935,False
Soybean_Oil,SARIMA,16,2026-08-10,210.619,192.388,228.851,False
Soybean_Oil,SARIMA,17,2026-08-11,210.346,191.553,229.139,False
Soybean_Oil,SARIMA,18,2026-08-12,210.212,190.875,229.55,False
Soybean_Oil,SARIMA,19,2026-08-13,210.268,190.401,230.136,False
Soybean_Oil,SARIMA,20,2026-08-14,210.223,189.839,230.606,False
Soybean_Oil,SARIMA,21,2026-08-15,210.508,189.621,231.395,False
Soybean_Oil,SARIMA,22,2026-08-16,210.737,189.359,232.115,False
Soybean_Oil,SARIMA,23,2026-08-17,210.901,189.042,232.759,False
Soybean_Oil,SARIMA,24,2026-08-18,211.278,188.949,233.607,False
Soybean_Oil,SARIMA,25,2026-08-19,211.592,188.803,234.381,False
Soybean_Oil,SARIMA,26,2026-08-20,211.9,188.659,235.14,False
Soybean_Oil,SARIMA,27,2026-08-21,212.076,188.392,235.759,False
Soybean_Oil,SARIMA,28,2026-08-22,212.192,188.074,236.31,False
Soybean_Oil,SARIMA,29,2026-08-23,212.449,187.904,236.994,False
Soybean_Oil,SARIMA,30,2026-08-24,212.722,187.757,237.686,False
Soybean_Oil,SARIMA,31,2026-08-25,212.89,187.512,238.267,False
Soybean_Oil,SARIMA,32,2026-08-26,213.023,187.24,238.806,False
Soybean_Oil,SARIMA,33,2026-08-27,213.216,187.033,239.399,False
Soybean_Oil,SARIMA,34,2026-08-28,213.471,186.894,240.048,False
Soybean_Oil,SARIMA,35,2026-08-29,213.739,186.774,240.703,False
Soybean_Oil,SARIMA,36,2026-08-30,213.7,186.353,241.047,False
Soybean_Oil,SARIMA,37,2026-08-31,213.749,186.025,241.474,False
Soybean_Oil,SARIMA,38,2026-09-01,213.972,185.875,242.068,False
Soybean_Oil,SARIMA,39,2026-09-02,214.088,185.624,242.552,False
Soybean_Oil,SARIMA,40,2026-09-03,214.178,185.351,243.004,False
Soybean_Oil,SARIMA,41,2026-09-04,214.431,185.247,243.616,False
Soybean_Oil,SARIMA,42,2026-09-05,214.507,184.969,244.045,False
Soybean_Oil,SARIMA,43,2026-09-06,214.703,184.815,244.591,False
Soybean_Oil,SARIMA,44,2026-09-07,214.594,184.361,244.828,False
Soybean_Oil,SARIMA,45,2026-09-08,214.975,184.4,245.55,False
Soybean_Oil,SARIMA,46,2026-09-09,214.959,184.046,245.872,False
Soybean_Oil,SARIMA,47,2026-09-10,214.982,183.735,246.23,False
Soybean_Oil,SARIMA,48,2026-09-11,215.48,183.902,247.058,False
Soybean_Oil,SARIMA,49,2026-09-12,215.807,183.902,247.712,False
Soybean_Oil,SARIMA,50,2026-09-13,215.971,183.742,248.2,False
Soybean_Oil,SARIMA,51,2026-09-14,215.982,183.433,248.532,False
Soybean_Oil,SARIMA,52,2026-09-15,215.982,183.115,248.849,False
Soybean_Oil,SARIMA,53,2026-09-16,215.787,182.606,248.969,False
Soybean_Oil,SARIMA,54,2026-09-17,215.741,182.248,249.234,False
Soybean_Oil,SARIMA,55,2026-09-18,215.352,181.549,249.154,False
Soybean_Oil,SARIMA,56,2026-09-19,215.493,181.385,249.601,False
Soybean_Oil,SARIMA,57,2026-09-20,215.592,181.181,250.003,False
Soybean_Oil,SARIMA,58,2026-09-21,215.481,180.769,250.193,False
Soybean_Oil,SARIMA,59,2026-09-22,215.564,180.555,250.574,False
Soybean_Oil,SARIMA,60,2026-09-23,215.354,180.049,250.66,False
Soybean_Oil,XGBoost,1,2026-07-26,207.793,203.235,212.351,True
Soybean_Oil,XGBoost,2,2026-07-27,208.09,201.644,214.535,True
Soybean_Oil,XGBoost,3,2026-07-28,208.704,200.81,216.598,True
Soybean_Oil,XGBoost,4,2026-07-29,209.251,200.136,218.367,True
Soybean_Oil,XGBoost,5,2026-07-30,209.454,199.262,219.646,True
Soybean_Oil,XGBoost,6,2026-07-31,209.715,198.55,220.879,True
Soybean_Oil,XGBoost,7,2026-08-01,209.52,197.461,221.579,True
Soybean_Oil,XGBoost,8,2026-08-02,209.554,196.662,222.446,True
Soybean_Oil,XGBoost,9,2026-08-03,209.795,196.121,223.468,True
Soybean_Oil,XGBoost,10,2026-08-04,210.169,195.756,224.582,True
Soybean_Oil,XGBoost,11,2026-08-05,210.074,194.958,225.191,True
Soybean_Oil,XGBoost,12,2026-08-06,209.972,194.183,225.761,True
Soybean_Oil,XGBoost,13,2026-08-07,210.261,193.828,226.695,True
Soybean_Oil,XGBoost,14,2026-08-08,210.613,193.559,227.667,True
Soybean_Oil,XGBoost,15,2026-08-09,210.427,192.774,228.079,True
Soybean_Oil,XGBoost,16,2026-08-10,210.656,192.424,228.887,True
Soybean_Oil,XGBoost,17,2026-08-11,211.181,192.389,229.974,True
Soybean_Oil,XGBoost,18,2026-08-12,211.314,191.977,230.652,True
Soybean_Oil,XGBoost,19,2026-08-13,211.706,191.839,231.574,True
Soybean_Oil,XGBoost,20,2026-08-14,212.136,191.753,232.519,True
Soybean_Oil,XGBoost,21,2026-08-15,212.038,191.151,232.925,True
Soybean_Oil,XGBoost,22,2026-08-16,212.03,190.652,233.408,True
Soybean_Oil,XGBoost,23,2026-08-17,211.753,189.894,233.612,True
Soybean_Oil,XGBoost,24,2026-08-18,211.532,189.203,233.861,True
Soybean_Oil,XGBoost,25,2026-08-19,211.588,188.799,234.378,True
Soybean_Oil,XGBoost,26,2026-08-20,211.898,188.658,235.139,True
Soybean_Oil,XGBoost,27,2026-08-21,212.165,188.481,235.848,True
Soybean_Oil,XGBoost,28,2026-08-22,212.134,188.016,236.252,True
Soybean_Oil,XGBoost,29,2026-08-23,211.725,187.18,236.27,True
Soybean_Oil,XGBoost,30,2026-08-24,211.826,186.861,236.79,True
Soybean_Oil,XGBoost,31,2026-08-25,212.201,186.824,237.578,True
Soybean_Oil,XGBoost,32,2026-08-26,212.412,186.628,238.195,True
Soybean_Oil,XGBoost,33,2026-08-27,212.674,186.491,238.857,True
Soybean_Oil,XGBoost,34,2026-08-28,213.365,186.788,239.942,True
Soybean_Oil,XGBoost,35,2026-08-29,213.908,186.943,240.873,True
Soybean_Oil,XGBoost,36,2026-08-30,213.954,186.607,241.302,True
Soybean_Oil,XGBoost,37,2026-08-31,213.396,185.672,241.121,True
Soybean_Oil,XGBoost,38,2026-09-01,213.863,185.766,241.959,True
Soybean_Oil,XGBoost,39,2026-09-02,213.818,185.354,242.282,True
Soybean_Oil,XGBoost,40,2026-09-03,214.069,185.242,242.896,True
Soybean_Oil,XGBoost,41,2026-09-04,213.889,184.704,243.073,True
Soybean_Oil,XGBoost,42,2026-09-05,214.084,184.546,243.622,True
Soybean_Oil,XGBoost,43,2026-09-06,213.917,184.029,243.805,True
Soybean_Oil,XGBoost,44,2026-09-07,214.134,183.9,244.367,True
Soybean_Oil,XGBoost,45,2026-09-08,214.001,183.426,244.576,True
Soybean_Oil,XGBoost,46,2026-09-09,213.963,183.05,244.876,True
Soybean_Oil,XGBoost,47,2026-09-10,213.809,182.561,245.056,True
Soybean_Oil,XGBoost,48,2026-09-11,214.012,182.434,245.589,True
Soybean_Oil,XGBoost,49,2026-09-12,214.165,182.26,246.07,True
Soybean_Oil,XGBoost,50,2026-09-13,214.321,182.092,246.55,True
Soybean_Oil,XGBoost,51,2026-09-14,214.125,181.576,246.675,True
Soybean_Oil,XGBoost,52,2026-09-15,214.157,181.29,247.024,True
Soybean_Oil,XGBoost,53,2026-09-16,213.906,180.724,247.087,True
Soybean_Oil,XGBoost,54,2026-09-17,213.861,180.368,247.355,True
Soybean_Oil,XGBoost,55,2026-09-18,213.991,180.189,247.793,True
Soybean_Oil,XGBoost,56,2026-09-19,214.097,179.989,248.205,True
Soybean_Oil,XGBoost,57,2026-09-20,214.616,180.205,249.028,True
Soybean_Oil,XGBoost,58,2026-09-21,214.735,180.023,249.447,True
Soybean_Oil,XGBoost,59,2026-09-22,214.725,179.715,249.735,True
Soybean_Oil,XGBoost,60,2026-09-23,214.557,179.252,249.862,True
Soybean_Oil,LSTM,1,2026-07-26,207.457,202.9,212.015,False
Soybean_Oil,LSTM,2,2026-07-27,207.658,201.213,214.104,False
Soybean_Oil,LSTM,3,2026-07-28,206.94,199.046,214.835,False
Soybean_Oil,LSTM,4,2026-07-29,206.516,197.4,215.631,False
Soybean_Oil,LSTM,5,2026-07-30,206.355,196.163,216.546,False
Soybean_Oil,LSTM,6,2026-07-31,206.414,195.249,217.578,False
Soybean_Oil,LSTM,7,2026-08-01,206.871,194.812,218.93,False
Soybean_Oil,LSTM,8,2026-08-02,207.065,194.174,219.957,False
Soybean_Oil,LSTM,9,2026-08-03,207.032,193.359,220.706,False
Soybean_Oil,LSTM,10,2026-08-04,207.042,192.629,221.456,False
Soybean_Oil,LSTM,11,2026-08-05,207.092,191.975,222.209,False
Soybean_Oil,LSTM,12,2026-08-06,207.1,191.311,222.889,False
Soybean_Oil,LSTM,13,2026-08-07,206.903,190.47,223.337,False
Soybean_Oil,LSTM,14,2026-08-08,206.731,189.677,223.785,False
Soybean_Oil,LSTM,15,2026-08-09,206.836,189.183,224.488,False
Soybean_Oil,LSTM,16,2026-08-10,206.848,188.616,225.079,False
Soybean_Oil,LSTM,17,2026-08-11,206.563,187.77,225.355,False
Soybean_Oil,LSTM,18,2026-08-12,206.758,187.42,226.095,False
Soybean_Oil,LSTM,19,2026-08-13,206.999,187.131,226.866,False
Soybean_Oil,LSTM,20,2026-08-14,206.859,186.475,227.242,False
Soybean_Oil,LSTM,21,2026-08-15,206.812,185.925,227.699,False
Soybean_Oil,LSTM,22,2026-08-16,206.957,185.579,228.336,False
Soybean_Oil,LSTM,23,2026-08-17,207.565,185.706,229.424,False
Soybean_Oil,LSTM,24,2026-08-18,207.075,184.746,229.404,False
Soybean_Oil,LSTM,25,2026-08-19,207.043,184.254,229.832,False
Soybean_Oil,LSTM,26,2026-08-20,208.079,184.839,231.32,False
Soybean_Oil,LSTM,27,2026-08-21,207.953,184.269,231.636,False
Soybean_Oil,LSTM,28,2026-08-22,207.481,183.363,231.599,False
Soybean_Oil,LSTM,29,2026-08-23,207.756,183.211,232.301,False
Soybean_Oil,LSTM,30,2026-08-24,207.829,182.865,232.794,False
Soybean_Oil,LSTM,31,2026-08-25,208.257,182.879,233.634,False
Soybean_Oil,LSTM,32,2026-08-26,208.409,182.626,234.192,False
Soybean_Oil,LSTM,33,2026-08-27,208.383,182.2,234.566,False
Soybean_Oil,LSTM,34,2026-08-28,208.789,182.212,235.365,False
Soybean_Oil,LSTM,35,2026-08-29,208.63,181.665,235.595,False
Soybean_Oil,LSTM,36,2026-08-30,208.382,181.034,235.729,False
Soybean_Oil,LSTM,37,2026-08-31,207.782,180.058,235.506,False
Soybean_Oil,LSTM,38,2026-09-01,208.251,180.154,236.347,False
Soybean_Oil,LSTM,39,2026-09-02,207.659,179.195,236.123,False
Soybean_Oil,LSTM,40,2026-09-03,207.69,178.864,236.517,False
Soybean_Oil,LSTM,41,2026-09-04,208.4,179.215,237.585,False
Soybean_Oil,LSTM,42,2026-09-05,208.56,179.021,238.098,False
Soybean_Oil,LSTM,43,2026-09-06,208.357,178.469,238.245,False
Soybean_Oil,LSTM,44,2026-09-07,209.082,178.849,239.316,False
Soybean_Oil,LSTM,45,2026-09-08,209.956,179.38,240.531,False
Soybean_Oil,LSTM,46,2026-09-09,209.543,178.63,240.456,False
Soybean_Oil,LSTM,47,2026-09-10,209.145,177.898,240.392,False
Soybean_Oil,LSTM,48,2026-09-11,208.107,176.529,239.685,False
Soybean_Oil,LSTM,49,2026-09-12,208.113,176.208,240.018,False
Soybean_Oil,LSTM,50,2026-09-13,207.736,175.507,239.965,False
Soybean_Oil,LSTM,51,2026-09-14,208.249,175.699,240.799,False
Soybean_Oil,LSTM,52,2026-09-15,207.992,175.125,240.859,False
Soybean_Oil,LSTM,53,2026-09-16,208.397,175.216,241.579,False
Soybean_Oil,LSTM,54,2026-09-17,209.087,175.593,242.58,False
Soybean_Oil,LSTM,55,2026-09-18,209.086,175.284,242.888,False
Soybean_Oil,LSTM,56,2026-09-19,210.156,176.048,244.264,False
Soybean_Oil,LSTM,57,2026-09-20,209.632,175.221,244.043,False
Soybean_Oil,LSTM,58,2026-09-21,210.018,175.306,244.73,False
Soybean_Oil,LSTM,59,2026-09-22,209.548,174.539,244.558,False
Soybean_Oil,LSTM,60,2026-09-23,209.998,174.693,245.303,False
